date,product,category,units_sold,unit_price,region,sales_rep
2023-01-01,Laptop Pro X,Electronics,3,81235,East,Arjun
2023-01-04,Notebook Pack,Office,1,259,North,Amit
2023-01-05,USB Hub,Electronics,2,959,Central,Rohit
2023-01-05,Notebook Pack,Office,2,277,West,Sneha
2023-01-07,Headphones Pro,Electronics,1,8197,West,Karan
2023-01-08,Mechanical Keyboard,Electronics,2,4209,North,Amit
2023-01-08,Filing Cabinet,Furniture,1,6504,Central,Anjali
2023-01-08,Printer A4,Office,2,19362,Central,Rohit
2023-01-10,Notebook Pack,Office,1,283,East,Meena
2023-01-13,Laptop Air,Electronics,1,66813,South,Divya
2023-01-14,Desk Lamp,Furniture,3,2145,East,Meena
2023-01-16,Filing Cabinet,Furniture,1,6368,East,Arjun
2023-01-16,Wireless Mouse,Electronics,1,1508,Central,Rohit
2023-01-17,Printer A4,Office,2,19409,West,Karan
2023-01-17,Notebook Pack,Office,2,295,South,Divya
2023-01-18,Laptop Air,Electronics,3,59695,East,Meena
2023-01-18,Webcam HD,Electronics,1,3052,Central,Anjali
2023-01-20,Printer A4,Office,1,16962,South,Divya
2023-01-20,Notebook Pack,Office,2,291,Central,Anjali
2023-01-20,Whiteboard,Office,1,4400,Central,Anjali
2023-01-20,Monitor 4K,Electronics,2,26167,Central,Anjali
2023-01-21,Monitor 4K,Electronics,3,28431,South,Divya
2023-01-23,Calculator,Office,1,1290,West,Karan
2023-01-23,Laptop Pro X,Electronics,2,88652,North,Amit
2023-01-23,Bookshelf,Furniture,2,8411,North,Amit
2023-01-23,Printer A4,Office,2,19359,North,Amit
2023-01-24,Mechanical Keyboard,Electronics,4,4250,East,Arjun
2023-01-24,Headphones Pro,Electronics,1,8634,Central,Rohit
2023-01-24,Paper Ream,Office,1,480,North,Priya
2023-01-24,Standing Desk,Furniture,3,33548,South,Ravi
2023-01-24,Stapler,Office,2,674,North,Priya
2023-01-25,Monitor 4K,Electronics,1,30001,South,Divya
2023-01-25,Headphones Pro,Electronics,6,9131,East,Meena
2023-01-25,Notebook Pack,Office,2,275,South,Divya
2023-01-25,Filing Cabinet,Furniture,3,5824,West,Karan
2023-01-25,USB Hub,Electronics,1,877,North,Amit
2023-01-28,Stapler,Office,1,605,South,Ravi
2023-01-28,Laptop Air,Electronics,3,66021,South,Ravi
2023-01-30,Pen Set,Office,2,359,South,Divya
2023-01-31,Monitor 4K,Electronics,1,26848,Central,Anjali
2023-01-31,Paper Ream,Office,1,420,West,Sneha
2023-01-31,Whiteboard,Office,2,4435,East,Meena
2023-01-31,Laptop Air,Electronics,4,61034,North,Priya
2023-01-31,Bookshelf,Furniture,4,8080,North,Priya
2023-02-03,Monitor 4K,Electronics,2,27007,West,Sneha
2023-02-03,USB Hub,Electronics,1,996,North,Amit
2023-02-03,Notebook Pack,Office,2,286,North,Priya
2023-02-03,Notebook Pack,Office,2,299,North,Priya
2023-02-04,Whiteboard,Office,1,4293,West,Karan
2023-02-04,Desk Lamp,Furniture,4,2059,North,Priya
2023-02-06,Printer A4,Office,1,18566,East,Meena
2023-02-06,Notebook Pack,Office,3,266,West,Sneha
2023-02-06,Webcam HD,Electronics,3,3326,North,Priya
2023-02-07,Stapler,Office,2,603,West,Sneha
2023-02-10,Headphones Pro,Electronics,1,8738,North,Priya
2023-02-11,Mechanical Keyboard,Electronics,2,4556,Central,Rohit
2023-02-11,Laptop Air,Electronics,1,61198,Central,Rohit
2023-02-11,Stapler,Office,4,695,Central,Anjali
2023-02-11,Webcam HD,Electronics,1,3079,East,Arjun
2023-02-12,Printer A4,Office,4,16586,East,Arjun
2023-02-12,Calculator,Office,2,1118,Central,Rohit
2023-02-12,Webcam HD,Electronics,1,3011,Central,Anjali
2023-02-14,USB Hub,Electronics,4,897,East,Meena
2023-02-17,Calculator,Office,1,1232,Central,Rohit
2023-02-17,Notebook Pack,Office,4,299,East,Arjun
2023-02-17,Monitor 4K,Electronics,1,29745,East,Arjun
2023-02-20,Monitor 4K,Electronics,3,28469,East,Meena
2023-02-20,Bookshelf,Furniture,2,8507,South,Divya
2023-02-20,Office Chair,Furniture,4,12257,North,Priya
2023-02-20,Office Chair,Furniture,6,11680,North,Priya
2023-02-20,Monitor 4K,Electronics,3,29080,East,Arjun
2023-02-23,Notebook Pack,Office,1,260,North,Priya
2023-02-23,Monitor 4K,Electronics,2,29498,Central,Rohit
2023-02-23,Stapler,Office,1,642,Central,Rohit
2023-02-23,Laptop Air,Electronics,1,65957,East,Meena
2023-02-24,Webcam HD,Electronics,1,3125,South,Ravi
2023-02-24,Notebook Pack,Office,2,299,West,Sneha
2023-02-24,USB Hub,Electronics,1,1007,South,Ravi
2023-02-25,Bookshelf,Furniture,4,8182,West,Sneha
2023-02-25,Mechanical Keyboard,Electronics,2,4758,West,Sneha
2023-02-26,Printer A4,Office,1,18923,East,Meena
2023-02-26,USB Hub,Electronics,3,974,South,Ravi
2023-02-28,Office Chair,Furniture,1,11714,North,Amit
2023-02-28,Pen Set,Office,4,374,West,Karan
2023-02-28,Mechanical Keyboard,Electronics,2,4558,East,Arjun
2023-03-02,Mechanical Keyboard,Electronics,1,4388,Central,Anjali
2023-03-04,Calculator,Office,1,1177,Central,Rohit
2023-03-04,Stapler,Office,1,602,South,Divya
2023-03-04,Whiteboard,Office,2,4402,North,Priya
2023-03-04,Wireless Mouse,Electronics,2,1539,East,Meena
2023-03-05,Pen Set,Office,3,340,East,Meena
2023-03-05,Standing Desk,Furniture,5,33274,Central,Rohit
2023-03-05,Desk Lamp,Furniture,1,2068,South,Divya
2023-03-06,Standing Desk,Furniture,1,36600,South,Divya
2023-03-06,Calculator,Office,4,1188,East,Meena
2023-03-06,Webcam HD,Electronics,6,3350,Central,Anjali
2023-03-09,Wireless Mouse,Electronics,1,1402,East,Meena
2023-03-09,USB Hub,Electronics,1,996,East,Arjun
2023-03-10,Laptop Air,Electronics,2,63103,South,Divya
2023-03-11,Whiteboard,Office,1,4657,Central,Rohit
2023-03-11,Desk Lamp,Furniture,2,2013,West,Karan
2023-03-11,Laptop Pro X,Electronics,7,81176,North,Amit
2023-03-11,Pen Set,Office,5,353,West,Sneha
2023-03-12,Monitor 4K,Electronics,6,30016,West,Karan
2023-03-12,Printer A4,Office,4,18952,Central,Anjali
2023-03-12,Notebook Pack,Office,1,290,West,Sneha
2023-03-12,Paper Ream,Office,1,468,West,Karan
2023-03-15,Pen Set,Office,4,337,West,Sneha
2023-03-15,Wireless Mouse,Electronics,6,1445,East,Arjun
2023-03-15,Bookshelf,Furniture,1,8008,Central,Rohit
2023-03-16,Monitor 4K,Electronics,4,27618,South,Ravi
2023-03-16,Bookshelf,Furniture,3,8385,Central,Anjali
2023-03-16,Webcam HD,Electronics,2,3407,West,Karan
2023-03-16,Stapler,Office,1,647,North,Amit
2023-03-18,Desk Lamp,Furniture,2,2096,West,Sneha
2023-03-18,Office Chair,Furniture,6,11095,West,Karan
2023-03-18,Bookshelf,Furniture,4,8963,West,Sneha
2023-03-19,Notebook Pack,Office,1,284,North,Amit
2023-03-19,Laptop Pro X,Electronics,1,80045,North,Amit
2023-03-19,Printer A4,Office,1,17309,South,Ravi
2023-03-19,Bookshelf,Furniture,5,8264,South,Divya
2023-03-19,Desk Lamp,Furniture,3,2016,East,Meena
2023-03-20,Laptop Pro X,Electronics,1,91798,Central,Rohit
2023-03-20,Filing Cabinet,Furniture,3,6478,South,Ravi
2023-03-20,Laptop Air,Electronics,7,59017,North,Priya
2023-03-20,Laptop Pro X,Electronics,2,81444,Central,Rohit
2023-03-22,Stapler,Office,4,670,South,Divya
2023-03-24,Calculator,Office,1,1253,Central,Rohit
2023-03-24,Headphones Pro,Electronics,1,8607,East,Arjun
2023-03-26,Desk Lamp,Furniture,7,1957,West,Sneha
2023-03-26,USB Hub,Electronics,9,1003,North,Amit
2023-03-26,Calculator,Office,1,1170,North,Priya
2023-03-26,Whiteboard,Office,2,4504,East,Arjun
2023-03-26,Bookshelf,Furniture,6,8938,North,Amit
2023-03-27,Filing Cabinet,Furniture,1,6136,West,Sneha
2023-03-27,Pen Set,Office,8,348,East,Meena
2023-03-27,Stapler,Office,2,686,East,Meena
2023-03-27,Wireless Mouse,Electronics,3,1438,East,Meena
2023-03-29,Calculator,Office,5,1109,West,Karan
2023-03-29,Bookshelf,Furniture,2,8108,South,Divya
2023-03-29,Office Chair,Furniture,1,12730,East,Meena
2023-03-29,Office Chair,Furniture,4,12031,Central,Rohit
2023-03-29,Webcam HD,Electronics,1,3312,North,Priya
2023-03-31,USB Hub,Electronics,3,942,West,Karan
2023-03-31,Laptop Pro X,Electronics,6,81213,North,Amit
2023-03-31,USB Hub,Electronics,6,945,East,Meena
2023-03-31,Pen Set,Office,3,377,East,Meena
2023-03-31,Notebook Pack,Office,1,289,East,Meena
2023-04-02,Office Chair,Furniture,1,12424,South,Ravi
2023-04-02,Bookshelf,Furniture,1,8080,North,Priya
2023-04-02,Paper Ream,Office,1,484,East,Meena
2023-04-03,USB Hub,Electronics,3,919,East,Arjun
2023-04-03,Notebook Pack,Office,1,259,South,Divya
2023-04-03,Laptop Air,Electronics,1,63958,Central,Anjali
2023-04-04,Mechanical Keyboard,Electronics,1,4477,North,Amit
2023-04-04,Printer A4,Office,1,19340,East,Arjun
2023-04-04,Office Chair,Furniture,3,12618,West,Sneha
2023-04-04,Desk Lamp,Furniture,2,2125,West,Sneha
2023-04-07,Monitor 4K,Electronics,2,26141,South,Divya
2023-04-08,Notebook Pack,Office,2,292,West,Sneha
2023-04-10,Printer A4,Office,1,17439,East,Meena
2023-04-10,Calculator,Office,3,1285,North,Priya
2023-04-10,Webcam HD,Electronics,4,3282,South,Divya
2023-04-10,Headphones Pro,Electronics,1,8570,South,Ravi
2023-04-11,Whiteboard,Office,1,4349,West,Karan
2023-04-12,Standing Desk,Furniture,1,36049,West,Sneha
2023-04-12,Office Chair,Furniture,2,11856,Central,Rohit
2023-04-12,Notebook Pack,Office,2,298,South,Ravi
2023-04-13,Laptop Air,Electronics,2,62942,South,Divya
2023-04-16,Printer A4,Office,3,18543,North,Amit
2023-04-16,Desk Lamp,Furniture,3,2079,East,Meena
2023-04-16,Calculator,Office,3,1245,North,Amit
2023-04-19,Laptop Pro X,Electronics,1,91281,North,Priya
2023-04-19,Stapler,Office,1,701,Central,Rohit
2023-04-19,Office Chair,Furniture,1,12505,Central,Rohit
2023-04-20,Pen Set,Office,1,332,West,Karan
2023-04-20,Stapler,Office,1,698,West,Karan
2023-04-20,Paper Ream,Office,4,437,East,Meena
2023-04-20,Mechanical Keyboard,Electronics,6,4436,South,Divya
2023-04-22,Desk Lamp,Furniture,2,2084,Central,Rohit
2023-04-22,Bookshelf,Furniture,2,7977,East,Meena
2023-04-22,Desk Lamp,Furniture,3,2152,Central,Rohit
2023-04-25,Whiteboard,Office,1,4513,North,Priya
2023-04-25,Calculator,Office,1,1249,West,Karan
2023-04-25,Webcam HD,Electronics,2,3418,East,Arjun
2023-04-25,Printer A4,Office,4,16643,West,Sneha
2023-04-28,USB Hub,Electronics,6,957,South,Divya
2023-04-28,Notebook Pack,Office,2,267,West,Sneha
2023-04-28,Mechanical Keyboard,Electronics,4,4606,West,Sneha
2023-04-28,Monitor 4K,Electronics,1,28039,West,Karan
2023-04-28,Office Chair,Furniture,3,12922,West,Karan
2023-04-29,Notebook Pack,Office,3,266,South,Divya
2023-04-29,Calculator,Office,2,1269,Central,Rohit
2023-04-29,Office Chair,Furniture,3,12833,West,Karan
2023-04-29,Pen Set,Office,2,337,East,Arjun
2023-05-01,Stapler,Office,2,644,West,Sneha
2023-05-01,Paper Ream,Office,4,453,East,Meena
2023-05-01,Notebook Pack,Office,2,299,West,Karan
2023-05-01,Webcam HD,Electronics,6,3063,South,Divya
2023-05-01,Whiteboard,Office,1,4676,North,Amit
2023-05-04,Desk Lamp,Furniture,2,2256,South,Divya
2023-05-04,Monitor 4K,Electronics,6,29656,Central,Anjali
2023-05-04,Printer A4,Office,2,16604,North,Amit
2023-05-04,Monitor 4K,Electronics,3,26095,West,Sneha
2023-05-06,Calculator,Office,2,1267,West,Sneha
2023-05-06,Notebook Pack,Office,5,285,West,Karan
2023-05-06,Paper Ream,Office,5,458,Central,Rohit
2023-05-07,USB Hub,Electronics,3,1022,North,Amit
2023-05-07,Mechanical Keyboard,Electronics,6,4639,West,Sneha
2023-05-07,Laptop Pro X,Electronics,2,89027,North,Amit
2023-05-09,Filing Cabinet,Furniture,4,5946,West,Sneha
2023-05-09,Whiteboard,Office,2,4262,Central,Rohit
2023-05-09,Wireless Mouse,Electronics,2,1528,Central,Anjali
2023-05-10,Stapler,Office,3,645,South,Ravi
2023-05-10,Office Chair,Furniture,1,12320,West,Karan
2023-05-10,Printer A4,Office,2,16772,East,Arjun
2023-05-10,Filing Cabinet,Furniture,1,6337,Central,Anjali
2023-05-12,Printer A4,Office,2,19438,East,Arjun
2023-05-12,Paper Ream,Office,2,441,North,Priya
2023-05-12,Filing Cabinet,Furniture,1,6688,Central,Anjali
2023-05-14,Desk Lamp,Furniture,2,2122,East,Arjun
2023-05-17,Calculator,Office,3,1252,West,Karan
2023-05-18,Filing Cabinet,Furniture,2,6319,South,Ravi
2023-05-18,Monitor 4K,Electronics,6,27144,North,Priya
2023-05-18,Printer A4,Office,1,18669,North,Amit
2023-05-18,Wireless Mouse,Electronics,3,1559,East,Meena
2023-05-18,Headphones Pro,Electronics,2,8889,South,Ravi
2023-05-20,Pen Set,Office,1,336,East,Arjun
2023-05-20,Paper Ream,Office,1,471,East,Meena
2023-05-20,Printer A4,Office,1,18731,North,Priya
2023-05-20,USB Hub,Electronics,4,887,West,Karan
2023-05-20,Desk Lamp,Furniture,2,2112,North,Amit
2023-05-22,Office Chair,Furniture,1,12619,Central,Anjali
2023-05-22,Filing Cabinet,Furniture,1,6171,North,Priya
2023-05-22,Calculator,Office,1,1279,Central,Anjali
2023-05-23,Printer A4,Office,1,16896,East,Meena
2023-05-24,Standing Desk,Furniture,4,32744,West,Sneha
2023-05-27,Desk Lamp,Furniture,3,2157,West,Karan
2023-05-27,Notebook Pack,Office,4,297,West,Sneha
2023-05-30,Paper Ream,Office,4,481,Central,Anjali
2023-06-01,Filing Cabinet,Furniture,3,6145,South,Divya
2023-06-02,Mechanical Keyboard,Electronics,5,4183,East,Meena
2023-06-02,Office Chair,Furniture,1,12862,South,Ravi
2023-06-02,Printer A4,Office,3,18408,North,Priya
2023-06-05,Laptop Air,Electronics,5,66849,East,Arjun
2023-06-08,Wireless Mouse,Electronics,5,1520,Central,Rohit
2023-06-08,USB Hub,Electronics,4,993,East,Arjun
2023-06-11,Office Chair,Furniture,2,12077,South,Ravi
2023-06-12,Laptop Pro X,Electronics,2,83072,South,Ravi
2023-06-13,Bookshelf,Furniture,3,8180,North,Priya
2023-06-13,Monitor 4K,Electronics,4,29100,West,Sneha
2023-06-13,Paper Ream,Office,4,450,West,Karan
2023-06-13,Mechanical Keyboard,Electronics,1,4820,West,Sneha
2023-06-13,Laptop Air,Electronics,2,61583,Central,Anjali
2023-06-14,Paper Ream,Office,4,463,West,Karan
2023-06-16,Wireless Mouse,Electronics,2,1525,North,Amit
2023-06-16,Wireless Mouse,Electronics,5,1529,South,Divya
2023-06-16,Stapler,Office,3,637,Central,Anjali
2023-06-16,Calculator,Office,2,1191,Central,Anjali
2023-06-19,Mechanical Keyboard,Electronics,4,4449,North,Priya
2023-06-19,USB Hub,Electronics,9,999,West,Karan
2023-06-19,Desk Lamp,Furniture,3,2037,West,Sneha
2023-06-19,Bookshelf,Furniture,5,9116,East,Meena
2023-06-22,Wireless Mouse,Electronics,11,1402,North,Priya
2023-06-22,Mechanical Keyboard,Electronics,1,4540,East,Arjun
2023-06-22,Stapler,Office,2,667,Central,Anjali
2023-06-22,Whiteboard,Office,2,4765,East,Meena
2023-06-25,Standing Desk,Furniture,1,34169,Central,Anjali
2023-06-28,Webcam HD,Electronics,4,3058,South,Divya
2023-06-28,Mechanical Keyboard,Electronics,5,4222,East,Meena
2023-06-28,Office Chair,Furniture,1,12589,Central,Rohit
2023-06-28,Notebook Pack,Office,7,284,Central,Rohit
2023-06-28,Office Chair,Furniture,6,11564,North,Priya
2023-06-30,Filing Cabinet,Furniture,2,6566,North,Priya
2023-06-30,Stapler,Office,2,612,West,Sneha
2023-06-30,Laptop Pro X,Electronics,1,83316,North,Priya
2023-07-02,Headphones Pro,Electronics,1,8801,East,Meena
2023-07-02,Stapler,Office,4,689,Central,Rohit
2023-07-02,Monitor 4K,Electronics,4,28779,South,Ravi
2023-07-04,Whiteboard,Office,4,4438,West,Karan
2023-07-04,Webcam HD,Electronics,6,3120,Central,Rohit
2023-07-04,Mechanical Keyboard,Electronics,1,4519,East,Meena
2023-07-04,Standing Desk,Furniture,1,34413,North,Priya
2023-07-07,Laptop Pro X,Electronics,2,91056,South,Divya
2023-07-08,Standing Desk,Furniture,6,32243,East,Arjun
2023-07-08,Whiteboard,Office,3,4413,South,Ravi
2023-07-08,USB Hub,Electronics,4,884,Central,Anjali
2023-07-11,Whiteboard,Office,2,4803,North,Amit
2023-07-13,Whiteboard,Office,6,4650,Central,Anjali
2023-07-13,Whiteboard,Office,1,4431,East,Arjun
2023-07-13,Bookshelf,Furniture,3,8951,South,Divya
2023-07-13,Filing Cabinet,Furniture,1,6541,North,Amit
2023-07-13,USB Hub,Electronics,2,953,West,Karan
2023-07-15,Bookshelf,Furniture,4,8879,South,Divya
2023-07-15,Wireless Mouse,Electronics,6,1507,Central,Rohit
2023-07-15,Webcam HD,Electronics,11,3316,East,Meena
2023-07-18,USB Hub,Electronics,2,912,North,Priya
2023-07-18,Headphones Pro,Electronics,2,8853,Central,Rohit
2023-07-21,Headphones Pro,Electronics,5,8846,West,Karan
2023-07-24,Stapler,Office,1,687,Central,Anjali
2023-07-24,Bookshelf,Furniture,4,7912,South,Divya
2023-07-24,Printer A4,Office,3,18263,East,Meena
2023-07-24,Filing Cabinet,Furniture,6,6011,Central,Rohit
2023-07-26,Laptop Air,Electronics,2,57801,East,Meena
2023-07-27,Calculator,Office,2,1192,Central,Anjali
2023-07-27,Notebook Pack,Office,3,298,North,Amit
2023-07-27,Stapler,Office,6,660,South,Divya
2023-07-27,Pen Set,Office,1,347,South,Ravi
2023-07-27,Bookshelf,Furniture,4,7873,North,Priya
2023-07-30,Printer A4,Office,4,17608,Central,Rohit
2023-07-30,Standing Desk,Furniture,3,36537,West,Karan
2023-07-30,Calculator,Office,4,1116,North,Amit
2023-07-30,Mechanical Keyboard,Electronics,5,4344,Central,Anjali
2023-08-02,Monitor 4K,Electronics,4,28370,East,Arjun
2023-08-02,Monitor 4K,Electronics,1,30095,East,Meena
2023-08-02,Desk Lamp,Furniture,5,2036,South,Ravi
2023-08-02,Desk Lamp,Furniture,6,2157,East,Arjun
2023-08-02,Pen Set,Office,1,350,North,Amit
2023-08-03,Standing Desk,Furniture,4,34113,South,Ravi
2023-08-03,Paper Ream,Office,1,485,South,Ravi
2023-08-03,Monitor 4K,Electronics,2,29543,North,Amit
2023-08-04,Notebook Pack,Office,2,287,Central,Rohit
2023-08-04,Calculator,Office,1,1133,South,Divya
2023-08-04,Headphones Pro,Electronics,1,8800,Central,Rohit
2023-08-04,Laptop Air,Electronics,6,63749,West,Karan
2023-08-04,USB Hub,Electronics,1,988,West,Karan
2023-08-06,Notebook Pack,Office,1,300,South,Divya
2023-08-06,Paper Ream,Office,2,462,South,Divya
2023-08-09,Printer A4,Office,1,18008,East,Meena
2023-08-09,Whiteboard,Office,1,4716,South,Ravi
2023-08-09,Monitor 4K,Electronics,1,28632,East,Arjun
2023-08-09,Filing Cabinet,Furniture,1,6409,Central,Rohit
2023-08-12,Standing Desk,Furniture,3,33727,North,Priya
2023-08-15,Whiteboard,Office,1,4728,North,Priya
2023-08-15,Filing Cabinet,Furniture,2,5756,North,Amit
2023-08-18,USB Hub,Electronics,1,930,West,Sneha
2023-08-18,Laptop Pro X,Electronics,1,89612,East,Arjun
2023-08-18,Bookshelf,Furniture,7,7872,South,Ravi
2023-08-20,Paper Ream,Office,5,479,West,Sneha
2023-08-20,Laptop Pro X,Electronics,1,89555,East,Arjun
2023-08-23,Pen Set,Office,1,365,West,Sneha
2023-08-23,USB Hub,Electronics,4,881,East,Arjun
2023-08-23,Whiteboard,Office,4,4185,Central,Anjali
2023-08-23,Paper Ream,Office,4,459,Central,Rohit
2023-08-23,Stapler,Office,1,628,South,Ravi
2023-08-24,Filing Cabinet,Furniture,5,5889,South,Divya
2023-08-24,Wireless Mouse,Electronics,3,1396,Central,Anjali
2023-08-24,Pen Set,Office,6,343,Central,Rohit
2023-08-24,Paper Ream,Office,2,484,North,Amit
2023-08-24,Office Chair,Furniture,3,12553,North,Amit
2023-08-26,Mechanical Keyboard,Electronics,3,4236,Central,Anjali
2023-08-26,Filing Cabinet,Furniture,4,6511,Central,Anjali
2023-08-27,Paper Ream,Office,3,418,South,Ravi
2023-08-27,Printer A4,Office,2,17140,North,Amit
2023-08-27,Webcam HD,Electronics,3,3421,North,Amit
2023-08-27,Pen Set,Office,2,336,West,Karan
2023-08-30,Standing Desk,Furniture,2,37048,East,Arjun
2023-08-30,Bookshelf,Furniture,4,8907,East,Arjun
2023-09-01,Printer A4,Office,1,19364,West,Karan
2023-09-01,Paper Ream,Office,1,480,West,Karan
2023-09-01,Pen Set,Office,6,362,East,Arjun
2023-09-01,Wireless Mouse,Electronics,1,1510,West,Sneha
2023-09-03,Wireless Mouse,Electronics,1,1453,East,Meena
2023-09-06,Headphones Pro,Electronics,1,8428,West,Karan
2023-09-06,Filing Cabinet,Furniture,3,5976,Central,Anjali
2023-09-06,Laptop Air,Electronics,1,60644,North,Amit
2023-09-06,Headphones Pro,Electronics,3,8974,North,Priya
2023-09-09,Laptop Air,Electronics,7,59381,South,Ravi
2023-09-09,Filing Cabinet,Furniture,1,6645,East,Meena
2023-09-09,Laptop Air,Electronics,2,63776,Central,Rohit
2023-09-09,Filing Cabinet,Furniture,3,6460,East,Meena
2023-09-12,Pen Set,Office,2,339,East,Meena
2023-09-12,Office Chair,Furniture,7,11089,South,Ravi
2023-09-13,Pen Set,Office,4,336,West,Sneha
2023-09-13,Office Chair,Furniture,2,12953,West,Sneha
2023-09-13,Standing Desk,Furniture,1,32886,West,Sneha
2023-09-13,Wireless Mouse,Electronics,8,1595,West,Sneha
2023-09-15,Bookshelf,Furniture,5,8567,East,Arjun
2023-09-17,Headphones Pro,Electronics,3,8511,South,Divya
2023-09-17,Mechanical Keyboard,Electronics,2,4310,South,Ravi
2023-09-17,Paper Ream,Office,2,453,North,Amit
2023-09-19,Notebook Pack,Office,1,260,South,Ravi
2023-09-19,Desk Lamp,Furniture,4,2190,West,Karan
2023-09-19,Stapler,Office,2,699,North,Priya
2023-09-19,Wireless Mouse,Electronics,3,1543,West,Karan
2023-09-21,Notebook Pack,Office,5,291,Central,Rohit
2023-09-21,Monitor 4K,Electronics,1,29484,West,Sneha
2023-09-24,Standing Desk,Furniture,4,34006,South,Ravi
2023-09-24,USB Hub,Electronics,2,1002,East,Meena
2023-09-26,Notebook Pack,Office,1,285,East,Arjun
2023-09-26,Calculator,Office,2,1200,Central,Rohit
2023-09-27,Stapler,Office,2,666,South,Ravi
2023-09-27,Calculator,Office,1,1262,East,Arjun
2023-09-27,Laptop Pro X,Electronics,3,91100,North,Priya
2023-09-27,Stapler,Office,1,677,East,Arjun
2023-09-27,Whiteboard,Office,3,4498,Central,Rohit
2023-09-30,Standing Desk,Furniture,6,33571,East,Meena
2023-09-30,Desk Lamp,Furniture,5,1956,East,Meena
2023-09-30,Laptop Air,Electronics,6,61162,South,Divya
2023-09-30,Printer A4,Office,2,18307,South,Divya
2023-09-30,Bookshelf,Furniture,3,9146,East,Meena
2023-10-01,Pen Set,Office,1,339,Central,Rohit
2023-10-01,Printer A4,Office,3,17854,North,Amit
2023-10-01,Monitor 4K,Electronics,6,27060,North,Priya
2023-10-03,Whiteboard,Office,7,4725,South,Ravi
2023-10-03,Stapler,Office,2,677,East,Arjun
2023-10-03,Paper Ream,Office,1,449,Central,Anjali
2023-10-03,Standing Desk,Furniture,2,32704,West,Sneha
2023-10-03,Desk Lamp,Furniture,2,2256,Central,Anjali
2023-10-04,Filing Cabinet,Furniture,1,5983,North,Priya
2023-10-04,Calculator,Office,2,1207,West,Karan
2023-10-04,Mechanical Keyboard,Electronics,8,4775,West,Sneha
2023-10-04,Filing Cabinet,Furniture,8,5748,West,Karan
2023-10-04,Laptop Air,Electronics,6,60636,Central,Rohit
2023-10-06,Desk Lamp,Furniture,2,2188,Central,Anjali
2023-10-08,Calculator,Office,6,1291,North,Priya
2023-10-08,Desk Lamp,Furniture,5,2119,East,Meena
2023-10-08,Filing Cabinet,Furniture,4,6301,South,Ravi
2023-10-08,Desk Lamp,Furniture,5,1947,Central,Rohit
2023-10-08,Monitor 4K,Electronics,1,28086,East,Meena
2023-10-09,Pen Set,Office,2,374,South,Divya
2023-10-09,Bookshelf,Furniture,2,9167,South,Divya
2023-10-09,Standing Desk,Furniture,4,35040,Central,Anjali
2023-10-09,Pen Set,Office,6,361,Central,Anjali
2023-10-09,Standing Desk,Furniture,4,34262,West,Sneha
2023-10-12,Whiteboard,Office,6,4713,Central,Anjali
2023-10-15,Calculator,Office,2,1289,West,Karan
2023-10-18,USB Hub,Electronics,6,899,North,Amit
2023-10-18,Calculator,Office,6,1261,West,Sneha
2023-10-18,USB Hub,Electronics,3,902,North,Priya
2023-10-18,Printer A4,Office,1,16996,East,Meena
2023-10-18,Webcam HD,Electronics,1,3390,West,Karan
2023-10-21,Monitor 4K,Electronics,6,28272,Central,Rohit
2023-10-24,Pen Set,Office,3,375,West,Karan
2023-10-24,Printer A4,Office,5,18133,Central,Anjali
2023-10-24,Office Chair,Furniture,1,11409,Central,Anjali
2023-10-24,USB Hub,Electronics,1,908,East,Meena
2023-10-26,Webcam HD,Electronics,3,3189,West,Karan
2023-10-26,Notebook Pack,Office,2,263,East,Meena
2023-10-26,Notebook Pack,Office,1,294,West,Karan
2023-10-27,Laptop Air,Electronics,3,60475,East,Arjun
2023-10-27,Printer A4,Office,6,17176,East,Meena
2023-10-27,Notebook Pack,Office,2,263,East,Meena
2023-10-30,USB Hub,Electronics,5,975,South,Ravi
2023-10-30,Pen Set,Office,5,324,South,Ravi
2023-10-30,Whiteboard,Office,2,4212,East,Meena
2023-10-30,Monitor 4K,Electronics,3,27582,North,Priya
2023-10-30,Paper Ream,Office,2,468,West,Sneha
2023-11-01,Standing Desk,Furniture,7,35852,North,Priya
2023-11-01,USB Hub,Electronics,5,1012,Central,Rohit
2023-11-01,Headphones Pro,Electronics,3,9090,West,Sneha
2023-11-02,Paper Ream,Office,5,477,South,Divya
2023-11-02,Laptop Pro X,Electronics,11,90826,East,Arjun
2023-11-02,Bookshelf,Furniture,1,9165,East,Meena
2023-11-02,Notebook Pack,Office,8,297,Central,Anjali
2023-11-03,Printer A4,Office,3,18889,East,Arjun
2023-11-03,Bookshelf,Furniture,1,8701,South,Divya
2023-11-03,Headphones Pro,Electronics,3,8895,North,Amit
2023-11-03,Stapler,Office,1,661,South,Ravi
2023-11-03,Desk Lamp,Furniture,5,1961,West,Karan
2023-11-06,Headphones Pro,Electronics,5,8260,South,Divya
2023-11-07,Office Chair,Furniture,2,11897,West,Sneha
2023-11-09,Standing Desk,Furniture,1,33664,Central,Rohit
2023-11-09,Filing Cabinet,Furniture,2,6366,South,Ravi
2023-11-09,Printer A4,Office,3,17727,East,Arjun
2023-11-12,Mechanical Keyboard,Electronics,5,4582,East,Meena
2023-11-12,USB Hub,Electronics,1,897,South,Divya
2023-11-12,Calculator,Office,8,1238,East,Meena
2023-11-14,Webcam HD,Electronics,3,3213,South,Ravi
2023-11-14,Pen Set,Office,3,373,East,Arjun
2023-11-14,Mechanical Keyboard,Electronics,6,4552,North,Priya
2023-11-14,Monitor 4K,Electronics,5,29588,South,Divya
2023-11-14,Printer A4,Office,7,18624,North,Priya
2023-11-16,Pen Set,Office,6,347,West,Sneha
2023-11-19,Printer A4,Office,2,18169,Central,Rohit
2023-11-19,Standing Desk,Furniture,1,33624,North,Amit
2023-11-19,Laptop Pro X,Electronics,8,78815,South,Ravi
2023-11-19,Filing Cabinet,Furniture,4,6631,North,Priya
2023-11-20,Laptop Air,Electronics,8,58825,East,Meena
2023-11-20,Monitor 4K,Electronics,1,30207,West,Karan
2023-11-20,Desk Lamp,Furniture,4,2058,West,Karan
2023-11-20,Notebook Pack,Office,3,262,South,Divya
2023-11-23,Pen Set,Office,3,368,South,Ravi
2023-11-23,Laptop Pro X,Electronics,3,87359,East,Meena
2023-11-23,Notebook Pack,Office,1,294,West,Karan
2023-11-23,USB Hub,Electronics,6,897,West,Karan
2023-11-24,Laptop Air,Electronics,1,59427,West,Sneha
2023-11-25,Calculator,Office,8,1218,North,Amit
2023-11-28,USB Hub,Electronics,3,940,North,Amit
2023-12-01,Laptop Air,Electronics,5,59362,South,Divya
2023-12-01,Stapler,Office,3,622,East,Meena
2023-12-02,USB Hub,Electronics,10,915,West,Karan
2023-12-02,Notebook Pack,Office,2,285,Central,Rohit
2023-12-02,Whiteboard,Office,1,4173,Central,Anjali
2023-12-02,Filing Cabinet,Furniture,7,6394,West,Karan
2023-12-02,Whiteboard,Office,2,4411,South,Divya
2023-12-05,USB Hub,Electronics,10,1004,South,Divya
2023-12-05,Monitor 4K,Electronics,5,28279,West,Sneha
2023-12-05,Whiteboard,Office,5,4419,Central,Rohit
2023-12-05,Office Chair,Furniture,2,12281,South,Divya
2023-12-07,Wireless Mouse,Electronics,1,1392,Central,Rohit
2023-12-07,Desk Lamp,Furniture,4,2225,Central,Rohit
2023-12-07,Webcam HD,Electronics,8,3189,Central,Rohit
2023-12-09,Laptop Pro X,Electronics,5,91284,South,Ravi
2023-12-09,Mechanical Keyboard,Electronics,3,4640,West,Sneha
2023-12-09,Webcam HD,Electronics,5,3226,West,Sneha
2023-12-11,Printer A4,Office,3,17448,Central,Anjali
2023-12-11,Filing Cabinet,Furniture,2,6166,Central,Anjali
2023-12-11,Paper Ream,Office,2,440,East,Arjun
2023-12-11,Whiteboard,Office,3,4673,North,Priya
2023-12-12,Notebook Pack,Office,2,270,Central,Anjali
2023-12-12,Webcam HD,Electronics,1,3138,East,Arjun
2023-12-12,USB Hub,Electronics,3,913,West,Karan
2023-12-14,Printer A4,Office,5,17047,South,Divya
2023-12-14,Notebook Pack,Office,5,298,West,Sneha
2023-12-14,Notebook Pack,Office,5,295,North,Priya
2023-12-14,Wireless Mouse,Electronics,5,1478,North,Priya
2023-12-17,Wireless Mouse,Electronics,5,1432,South,Ravi
2023-12-17,Printer A4,Office,1,18339,East,Arjun
2023-12-20,Paper Ream,Office,5,414,West,Sneha
2023-12-20,Notebook Pack,Office,2,258,West,Sneha
2023-12-20,Office Chair,Furniture,2,11072,Central,Anjali
2023-12-20,Whiteboard,Office,2,4800,South,Ravi
2023-12-20,Pen Set,Office,7,332,South,Ravi
2023-12-23,Filing Cabinet,Furniture,1,5782,East,Meena
2023-12-23,Desk Lamp,Furniture,2,2264,West,Sneha
2023-12-23,USB Hub,Electronics,3,973,East,Arjun
2023-12-26,Wireless Mouse,Electronics,3,1470,West,Karan
2023-12-28,Laptop Pro X,Electronics,8,84998,South,Ravi
2023-12-30,Stapler,Office,3,621,North,Priya
2023-12-30,Stapler,Office,1,602,West,Karan
2023-12-30,Wireless Mouse,Electronics,5,1423,East,Arjun
2024-01-01,Webcam HD,Electronics,4,3329,Central,Rohit
2024-01-04,Wireless Mouse,Electronics,3,1515,East,Arjun
2024-01-04,Stapler,Office,2,637,West,Karan
2024-01-04,Monitor 4K,Electronics,4,26000,North,Amit
2024-01-04,Whiteboard,Office,1,4385,South,Ravi
2024-01-07,Desk Lamp,Furniture,2,2145,East,Arjun
2024-01-07,Printer A4,Office,1,17584,West,Sneha
2024-01-07,Desk Lamp,Furniture,6,2160,West,Sneha
2024-01-07,Desk Lamp,Furniture,2,2200,North,Amit
2024-01-07,Wireless Mouse,Electronics,3,1417,North,Amit
2024-01-10,Desk Lamp,Furniture,4,1967,East,Meena
2024-01-10,Laptop Pro X,Electronics,3,83094,East,Meena
2024-01-12,Monitor 4K,Electronics,2,27690,North,Priya
2024-01-15,Pen Set,Office,2,323,West,Sneha
2024-01-15,Filing Cabinet,Furniture,1,6296,Central,Rohit
2024-01-15,Bookshelf,Furniture,3,8216,West,Sneha
2024-01-15,Desk Lamp,Furniture,3,2124,North,Priya
2024-01-15,Headphones Pro,Electronics,2,8008,West,Sneha
2024-01-17,Paper Ream,Office,1,426,South,Ravi
2024-01-17,Office Chair,Furniture,4,11969,West,Karan
2024-01-17,Wireless Mouse,Electronics,1,1606,East,Meena
2024-01-20,Calculator,Office,5,1191,Central,Rohit
2024-01-20,Monitor 4K,Electronics,2,30010,East,Arjun
2024-01-20,Bookshelf,Furniture,3,8913,Central,Anjali
2024-01-20,Bookshelf,Furniture,1,8405,West,Karan
2024-01-23,Monitor 4K,Electronics,1,28462,East,Meena
2024-01-23,Webcam HD,Electronics,3,3034,West,Karan
2024-01-23,Desk Lamp,Furniture,2,2178,East,Meena
2024-01-23,Paper Ream,Office,2,437,Central,Rohit
2024-01-23,Office Chair,Furniture,2,11258,West,Karan
2024-01-26,Stapler,Office,1,668,Central,Rohit
2024-01-26,Notebook Pack,Office,1,299,North,Amit
2024-01-27,Standing Desk,Furniture,2,35968,North,Amit
2024-01-27,Monitor 4K,Electronics,1,26892,East,Arjun
2024-01-27,Monitor 4K,Electronics,5,26091,West,Karan
2024-01-27,Calculator,Office,1,1206,West,Karan
2024-01-30,Notebook Pack,Office,2,289,North,Amit
2024-01-30,Notebook Pack,Office,2,262,Central,Rohit
2024-01-30,USB Hub,Electronics,6,972,East,Arjun
2024-01-30,Laptop Air,Electronics,4,66630,Central,Anjali
2024-02-01,Mechanical Keyboard,Electronics,3,4326,North,Priya
2024-02-01,Pen Set,Office,1,346,Central,Rohit
2024-02-01,Desk Lamp,Furniture,4,2047,West,Sneha
2024-02-01,Laptop Pro X,Electronics,1,82217,West,Sneha
2024-02-02,Monitor 4K,Electronics,1,27296,East,Meena
2024-02-03,Paper Ream,Office,1,421,East,Meena
2024-02-03,Printer A4,Office,2,17424,East,Arjun
2024-02-03,Mechanical Keyboard,Electronics,1,4606,North,Amit
2024-02-03,Headphones Pro,Electronics,1,8570,South,Ravi
2024-02-03,Bookshelf,Furniture,1,9123,Central,Anjali
2024-02-04,Headphones Pro,Electronics,1,8357,South,Divya
2024-02-04,Calculator,Office,1,1217,South,Divya
2024-02-04,Desk Lamp,Furniture,4,2001,North,Priya
2024-02-04,Wireless Mouse,Electronics,1,1571,Central,Rohit
2024-02-07,Filing Cabinet,Furniture,4,6157,East,Arjun
2024-02-07,Office Chair,Furniture,1,12186,West,Karan
2024-02-10,Stapler,Office,3,634,North,Amit
2024-02-10,Printer A4,Office,1,18903,Central,Rohit
2024-02-10,Standing Desk,Furniture,1,35963,Central,Rohit
2024-02-10,Bookshelf,Furniture,1,8235,North,Priya
2024-02-11,Monitor 4K,Electronics,1,27633,Central,Anjali
2024-02-11,Monitor 4K,Electronics,2,27655,Central,Anjali
2024-02-11,Paper Ream,Office,1,453,Central,Rohit
2024-02-13,Monitor 4K,Electronics,1,29532,South,Divya
2024-02-13,Calculator,Office,3,1286,North,Amit
2024-02-13,Paper Ream,Office,3,472,South,Ravi
2024-02-16,Paper Ream,Office,1,443,West,Karan
2024-02-16,Printer A4,Office,1,16798,West,Sneha
2024-02-16,Laptop Pro X,Electronics,2,78644,South,Divya
2024-02-16,USB Hub,Electronics,1,899,Central,Anjali
2024-02-16,Printer A4,Office,1,18143,Central,Anjali
2024-02-17,Mechanical Keyboard,Electronics,5,4530,East,Meena
2024-02-17,Laptop Air,Electronics,6,66858,West,Sneha
2024-02-17,Mechanical Keyboard,Electronics,2,4769,South,Divya
2024-02-17,Laptop Air,Electronics,2,60497,West,Karan
2024-02-17,Wireless Mouse,Electronics,2,1566,West,Sneha
2024-02-18,Stapler,Office,1,615,East,Meena
2024-02-18,Monitor 4K,Electronics,2,29368,South,Ravi
2024-02-21,Notebook Pack,Office,2,272,East,Arjun
2024-02-21,Standing Desk,Furniture,3,37533,East,Meena
2024-02-21,Pen Set,Office,1,375,North,Priya
2024-02-23,Office Chair,Furniture,2,11519,South,Ravi
2024-02-26,USB Hub,Electronics,1,895,West,Karan
2024-02-26,Office Chair,Furniture,1,11907,West,Karan
2024-02-26,Wireless Mouse,Electronics,3,1546,West,Karan
2024-02-28,Paper Ream,Office,4,476,East,Arjun
2024-02-28,Wireless Mouse,Electronics,2,1584,West,Karan
2024-02-28,Notebook Pack,Office,1,300,West,Sneha
2024-02-28,Webcam HD,Electronics,3,3109,West,Karan
2024-03-01,Notebook Pack,Office,1,282,Central,Rohit
2024-03-01,Paper Ream,Office,3,417,East,Arjun
2024-03-01,Printer A4,Office,1,19236,North,Priya
2024-03-02,Printer A4,Office,5,17142,North,Amit
2024-03-02,Monitor 4K,Electronics,2,29677,East,Arjun
2024-03-02,Office Chair,Furniture,1,11520,North,Amit
2024-03-02,Filing Cabinet,Furniture,5,6097,South,Ravi
2024-03-04,Whiteboard,Office,2,4140,North,Priya
2024-03-04,Paper Ream,Office,1,456,North,Priya
2024-03-07,Laptop Pro X,Electronics,6,89312,North,Amit
2024-03-07,Whiteboard,Office,3,4190,South,Divya
2024-03-07,Desk Lamp,Furniture,4,1966,North,Priya
2024-03-07,Filing Cabinet,Furniture,7,6083,East,Arjun
2024-03-08,Wireless Mouse,Electronics,2,1526,Central,Rohit
2024-03-08,Headphones Pro,Electronics,2,8802,West,Karan
2024-03-11,Whiteboard,Office,4,4759,Central,Anjali
2024-03-11,Wireless Mouse,Electronics,4,1560,North,Priya
2024-03-14,Filing Cabinet,Furniture,3,6488,West,Karan
2024-03-14,USB Hub,Electronics,2,911,East,Arjun
2024-03-14,Calculator,Office,3,1253,Central,Anjali
2024-03-14,Laptop Pro X,Electronics,4,85241,East,Arjun
2024-03-17,Desk Lamp,Furniture,5,2195,East,Arjun
2024-03-17,USB Hub,Electronics,1,891,West,Karan
2024-03-19,Wireless Mouse,Electronics,2,1616,Central,Rohit
2024-03-19,Bookshelf,Furniture,1,8990,South,Divya
2024-03-19,Stapler,Office,3,654,West,Karan
2024-03-19,Headphones Pro,Electronics,1,7842,West,Sneha
2024-03-19,Wireless Mouse,Electronics,3,1431,North,Amit
2024-03-20,Pen Set,Office,1,345,East,Meena
2024-03-20,Desk Lamp,Furniture,2,2025,North,Priya
2024-03-20,Standing Desk,Furniture,5,37656,North,Priya
2024-03-20,Monitor 4K,Electronics,4,27510,Central,Anjali
2024-03-23,Standing Desk,Furniture,3,32524,West,Sneha
2024-03-24,Mechanical Keyboard,Electronics,3,4362,West,Sneha
2024-03-24,Headphones Pro,Electronics,6,8782,North,Priya
2024-03-24,Laptop Pro X,Electronics,3,91161,South,Divya
2024-03-24,Pen Set,Office,1,331,Central,Anjali
2024-03-25,Mechanical Keyboard,Electronics,1,4721,North,Amit
2024-03-25,Office Chair,Furniture,2,11544,Central,Rohit
2024-03-25,Stapler,Office,1,645,North,Amit
2024-03-27,Paper Ream,Office,1,440,Central,Rohit
2024-03-29,Stapler,Office,1,675,North,Priya
2024-03-30,Laptop Pro X,Electronics,3,84615,South,Ravi
2024-04-01,Headphones Pro,Electronics,3,8125,North,Amit
2024-04-01,USB Hub,Electronics,7,915,West,Karan
2024-04-02,Filing Cabinet,Furniture,5,5881,North,Priya
2024-04-02,Pen Set,Office,5,325,North,Amit
2024-04-02,Printer A4,Office,1,17502,East,Meena
2024-04-02,Notebook Pack,Office,1,274,West,Sneha
2024-04-02,Standing Desk,Furniture,4,36341,Central,Anjali
2024-04-03,Filing Cabinet,Furniture,2,6693,Central,Anjali
2024-04-03,Webcam HD,Electronics,1,3021,Central,Rohit
2024-04-03,Whiteboard,Office,3,4529,North,Priya
2024-04-03,Laptop Pro X,Electronics,4,88521,East,Arjun
2024-04-05,Mechanical Keyboard,Electronics,1,4442,South,Ravi
2024-04-05,Laptop Air,Electronics,4,57962,South,Divya
2024-04-05,USB Hub,Electronics,3,980,Central,Anjali
2024-04-07,Wireless Mouse,Electronics,1,1501,Central,Rohit
2024-04-07,Desk Lamp,Furniture,2,2078,North,Priya
2024-04-07,Monitor 4K,Electronics,1,26929,South,Divya
2024-04-07,Bookshelf,Furniture,2,8252,West,Karan
2024-04-09,Wireless Mouse,Electronics,2,1567,South,Ravi
2024-04-09,Stapler,Office,2,608,North,Priya
2024-04-11,Bookshelf,Furniture,4,8548,West,Sneha
2024-04-11,Webcam HD,Electronics,4,3181,West,Karan
2024-04-11,Mechanical Keyboard,Electronics,1,4721,North,Priya
2024-04-11,Standing Desk,Furniture,3,33404,Central,Rohit
2024-04-13,Wireless Mouse,Electronics,1,1475,South,Divya
2024-04-13,Laptop Air,Electronics,3,65175,East,Meena
2024-04-14,Desk Lamp,Furniture,1,1963,West,Sneha
2024-04-15,Mechanical Keyboard,Electronics,4,4737,North,Priya
2024-04-15,USB Hub,Electronics,6,999,South,Ravi
2024-04-17,Stapler,Office,1,693,Central,Anjali
2024-04-18,Wireless Mouse,Electronics,3,1574,South,Divya
2024-04-19,Mechanical Keyboard,Electronics,3,4176,North,Amit
2024-04-19,Stapler,Office,2,649,West,Karan
2024-04-19,Desk Lamp,Furniture,2,2050,West,Sneha
2024-04-20,Office Chair,Furniture,3,11106,West,Sneha
2024-04-20,Calculator,Office,2,1228,Central,Rohit
2024-04-20,Paper Ream,Office,3,418,West,Karan
2024-04-22,Monitor 4K,Electronics,3,28639,West,Sneha
2024-04-22,Pen Set,Office,1,377,South,Ravi
2024-04-22,Filing Cabinet,Furniture,2,6045,West,Karan
2024-04-22,Stapler,Office,3,638,Central,Anjali
2024-04-23,Bookshelf,Furniture,1,7859,Central,Rohit
2024-04-25,Paper Ream,Office,3,469,Central,Anjali
2024-04-26,Mechanical Keyboard,Electronics,2,4331,South,Ravi
2024-04-26,Laptop Air,Electronics,1,60559,South,Divya
2024-04-27,USB Hub,Electronics,6,996,Central,Anjali
2024-04-27,Filing Cabinet,Furniture,6,6401,Central,Rohit
2024-04-29,Stapler,Office,1,685,South,Ravi
2024-04-29,Paper Ream,Office,6,426,Central,Anjali
2024-04-29,Laptop Air,Electronics,4,59347,North,Priya
2024-04-29,USB Hub,Electronics,3,874,North,Amit
2024-04-29,Calculator,Office,2,1169,South,Ravi
2024-04-30,Laptop Air,Electronics,1,62859,North,Priya
2024-04-30,Monitor 4K,Electronics,3,30063,North,Amit
2024-04-30,Filing Cabinet,Furniture,3,6037,West,Sneha
2024-05-02,Headphones Pro,Electronics,1,8702,West,Karan
2024-05-02,Headphones Pro,Electronics,1,8123,Central,Anjali
2024-05-05,Desk Lamp,Furniture,2,1974,East,Meena
2024-05-05,Laptop Pro X,Electronics,4,89770,Central,Anjali
2024-05-08,Headphones Pro,Electronics,7,9072,Central,Anjali
2024-05-11,Stapler,Office,2,612,North,Amit
2024-05-11,Wireless Mouse,Electronics,3,1615,South,Divya
2024-05-12,Bookshelf,Furniture,2,8180,West,Sneha
2024-05-13,Filing Cabinet,Furniture,1,6418,East,Arjun
2024-05-14,Printer A4,Office,1,19107,West,Sneha
2024-05-14,Paper Ream,Office,1,453,West,Karan
2024-05-14,Mechanical Keyboard,Electronics,7,4257,West,Sneha
2024-05-14,Wireless Mouse,Electronics,7,1384,North,Amit
2024-05-16,Wireless Mouse,Electronics,3,1593,East,Arjun
2024-05-17,Notebook Pack,Office,2,284,North,Amit
2024-05-20,Laptop Pro X,Electronics,2,86459,West,Sneha
2024-05-20,Whiteboard,Office,4,4212,South,Ravi
2024-05-20,Webcam HD,Electronics,3,3300,South,Divya
2024-05-20,Notebook Pack,Office,1,270,East,Meena
2024-05-21,Desk Lamp,Furniture,2,1983,Central,Anjali
2024-05-23,Whiteboard,Office,1,4733,North,Amit
2024-05-26,Paper Ream,Office,2,415,South,Ravi
2024-05-26,Headphones Pro,Electronics,1,8464,East,Arjun
2024-05-26,Mechanical Keyboard,Electronics,7,4479,East,Meena
2024-05-26,Office Chair,Furniture,4,11394,North,Amit
2024-05-26,Desk Lamp,Furniture,6,2081,East,Arjun
2024-05-28,Printer A4,Office,1,18970,East,Arjun
2024-05-28,Stapler,Office,4,676,North,Priya
2024-05-28,Mechanical Keyboard,Electronics,2,4721,North,Amit
2024-05-28,Whiteboard,Office,2,4538,Central,Rohit
2024-05-30,Whiteboard,Office,5,4552,Central,Anjali
2024-05-30,USB Hub,Electronics,7,886,West,Karan
2024-05-30,Laptop Air,Electronics,6,58233,Central,Rohit
2024-05-30,Printer A4,Office,3,19359,South,Ravi
2024-05-30,Webcam HD,Electronics,3,3160,South,Ravi
2024-06-02,Webcam HD,Electronics,1,3107,South,Divya
2024-06-02,Wireless Mouse,Electronics,5,1513,North,Amit
2024-06-02,Notebook Pack,Office,3,280,East,Meena
2024-06-02,Laptop Pro X,Electronics,5,79730,Central,Anjali
2024-06-03,Stapler,Office,2,694,Central,Rohit
2024-06-03,Stapler,Office,2,688,North,Amit
2024-06-05,Office Chair,Furniture,4,12138,West,Karan
2024-06-05,Paper Ream,Office,4,433,North,Priya
2024-06-05,Monitor 4K,Electronics,1,25933,Central,Anjali
2024-06-05,Bookshelf,Furniture,2,8834,South,Ravi
2024-06-07,Laptop Pro X,Electronics,5,82428,East,Meena
2024-06-07,Paper Ream,Office,2,423,North,Priya
2024-06-07,Printer A4,Office,3,18658,East,Meena
2024-06-10,Webcam HD,Electronics,6,3411,West,Sneha
2024-06-12,Pen Set,Office,2,350,East,Arjun
2024-06-12,Headphones Pro,Electronics,2,8785,North,Amit
2024-06-12,Desk Lamp,Furniture,2,1990,South,Ravi
2024-06-12,Webcam HD,Electronics,2,2960,North,Priya
2024-06-13,Webcam HD,Electronics,5,3365,East,Meena
2024-06-13,Pen Set,Office,2,360,West,Sneha
2024-06-13,USB Hub,Electronics,2,964,East,Meena
2024-06-14,Stapler,Office,3,633,Central,Anjali
2024-06-14,Office Chair,Furniture,2,11092,North,Amit
2024-06-14,Laptop Air,Electronics,2,65542,South,Ravi
2024-06-14,USB Hub,Electronics,2,973,South,Divya
2024-06-17,Laptop Pro X,Electronics,6,87004,West,Sneha
2024-06-20,USB Hub,Electronics,5,982,East,Meena
2024-06-23,Whiteboard,Office,4,4470,West,Karan
2024-06-23,Webcam HD,Electronics,5,3290,West,Karan
2024-06-23,Calculator,Office,4,1105,West,Sneha
2024-06-26,Notebook Pack,Office,4,270,Central,Anjali
2024-06-26,Mechanical Keyboard,Electronics,1,4382,West,Sneha
2024-06-26,Office Chair,Furniture,1,11541,East,Meena
2024-06-29,Webcam HD,Electronics,5,3404,South,Ravi
2024-06-29,Calculator,Office,1,1234,West,Karan
2024-06-29,Laptop Pro X,Electronics,5,81728,West,Karan
2024-07-01,Desk Lamp,Furniture,1,2047,North,Priya
2024-07-01,USB Hub,Electronics,2,1011,Central,Anjali
2024-07-01,Filing Cabinet,Furniture,2,6542,Central,Anjali
2024-07-01,Notebook Pack,Office,1,261,South,Divya
2024-07-02,Notebook Pack,Office,4,286,South,Divya
2024-07-02,USB Hub,Electronics,9,987,East,Arjun
2024-07-02,Standing Desk,Furniture,3,34281,West,Karan
2024-07-05,Printer A4,Office,4,16714,North,Amit
2024-07-05,Stapler,Office,5,647,Central,Rohit
2024-07-05,Webcam HD,Electronics,4,3388,Central,Rohit
2024-07-07,Standing Desk,Furniture,2,37076,West,Sneha
2024-07-07,Monitor 4K,Electronics,4,27295,South,Ravi
2024-07-07,Stapler,Office,2,630,West,Sneha
2024-07-07,Headphones Pro,Electronics,2,8272,North,Amit
2024-07-07,Headphones Pro,Electronics,5,7826,East,Arjun
2024-07-09,Headphones Pro,Electronics,1,8485,Central,Rohit
2024-07-09,Wireless Mouse,Electronics,6,1532,South,Divya
2024-07-11,Paper Ream,Office,2,416,West,Sneha
2024-07-11,Webcam HD,Electronics,4,3400,East,Arjun
2024-07-11,Pen Set,Office,6,359,South,Ravi
2024-07-11,USB Hub,Electronics,4,921,South,Divya
2024-07-12,Pen Set,Office,3,331,Central,Anjali
2024-07-12,Laptop Air,Electronics,9,61562,East,Meena
2024-07-12,Pen Set,Office,3,346,Central,Anjali
2024-07-12,Monitor 4K,Electronics,1,27369,East,Meena
2024-07-13,Desk Lamp,Furniture,1,2007,North,Priya
2024-07-13,Monitor 4K,Electronics,4,28401,South,Ravi
2024-07-14,Filing Cabinet,Furniture,1,6573,North,Amit
2024-07-16,Calculator,Office,2,1231,North,Priya
2024-07-16,Laptop Pro X,Electronics,1,83868,North,Priya
2024-07-16,Desk Lamp,Furniture,3,2091,North,Amit
2024-07-16,Monitor 4K,Electronics,1,27109,South,Ravi
2024-07-16,Mechanical Keyboard,Electronics,2,4588,Central,Anjali
2024-07-19,Whiteboard,Office,4,4343,North,Priya
2024-07-19,Mechanical Keyboard,Electronics,4,4578,West,Sneha
2024-07-21,Webcam HD,Electronics,5,3095,East,Meena
2024-07-21,Laptop Air,Electronics,2,66070,Central,Anjali
2024-07-21,Paper Ream,Office,2,414,East,Arjun
2024-07-21,Wireless Mouse,Electronics,4,1415,North,Amit
2024-07-21,Wireless Mouse,Electronics,1,1553,Central,Rohit
2024-07-22,USB Hub,Electronics,2,914,West,Karan
2024-07-22,Laptop Air,Electronics,5,65711,North,Priya
2024-07-22,Standing Desk,Furniture,6,34585,East,Meena
2024-07-23,Laptop Air,Electronics,5,63620,North,Priya
2024-07-24,Filing Cabinet,Furniture,1,6575,West,Karan
2024-07-24,Wireless Mouse,Electronics,5,1423,East,Meena
2024-07-24,Desk Lamp,Furniture,4,2023,West,Karan
2024-07-26,Whiteboard,Office,1,4235,South,Ravi
2024-07-26,Laptop Air,Electronics,6,61166,South,Ravi
2024-07-26,Stapler,Office,2,616,West,Karan
2024-07-26,Desk Lamp,Furniture,1,2221,East,Arjun
2024-07-29,Paper Ream,Office,4,477,West,Sneha
2024-07-29,Printer A4,Office,3,17313,North,Priya
2024-07-31,Pen Set,Office,3,376,Central,Rohit
2024-08-03,Pen Set,Office,5,346,Central,Rohit
2024-08-03,USB Hub,Electronics,4,974,West,Karan
2024-08-03,Desk Lamp,Furniture,9,1935,South,Ravi
2024-08-04,Paper Ream,Office,2,419,West,Sneha
2024-08-04,Paper Ream,Office,1,437,East,Arjun
2024-08-04,Office Chair,Furniture,3,12096,North,Priya
2024-08-04,Desk Lamp,Furniture,2,1958,West,Sneha
2024-08-04,Printer A4,Office,4,16813,Central,Anjali
2024-08-06,Bookshelf,Furniture,4,8833,North,Amit
2024-08-06,Laptop Pro X,Electronics,3,83807,North,Amit
2024-08-06,Notebook Pack,Office,4,294,Central,Rohit
2024-08-06,Calculator,Office,2,1274,Central,Anjali
2024-08-09,Printer A4,Office,1,18936,East,Meena
2024-08-09,USB Hub,Electronics,3,959,West,Karan
2024-08-12,Paper Ream,Office,6,422,East,Meena
2024-08-12,USB Hub,Electronics,3,927,North,Amit
2024-08-12,Standing Desk,Furniture,2,36131,Central,Anjali
2024-08-12,Laptop Air,Electronics,6,58433,South,Divya
2024-08-12,Whiteboard,Office,1,4579,North,Amit
2024-08-13,Desk Lamp,Furniture,4,2209,South,Divya
2024-08-14,Mechanical Keyboard,Electronics,1,4807,West,Sneha
2024-08-14,Stapler,Office,2,645,North,Amit
2024-08-14,Stapler,Office,7,698,Central,Rohit
2024-08-15,Laptop Air,Electronics,3,65361,Central,Anjali
2024-08-15,Paper Ream,Office,4,463,Central,Rohit
2024-08-15,Headphones Pro,Electronics,7,8346,South,Ravi
2024-08-15,Calculator,Office,4,1200,Central,Anjali
2024-08-15,Desk Lamp,Furniture,4,2023,West,Sneha
2024-08-17,Printer A4,Office,2,17748,South,Ravi
2024-08-17,Pen Set,Office,3,361,East,Meena
2024-08-17,Notebook Pack,Office,1,266,South,Ravi
2024-08-20,Filing Cabinet,Furniture,8,6203,South,Ravi
2024-08-20,Bookshelf,Furniture,2,8584,North,Amit
2024-08-20,Stapler,Office,3,668,Central,Anjali
2024-08-23,Whiteboard,Office,1,4158,North,Priya
2024-08-23,Monitor 4K,Electronics,1,26655,North,Priya
2024-08-23,Headphones Pro,Electronics,8,8019,East,Meena
2024-08-24,Webcam HD,Electronics,4,3127,Central,Rohit
2024-08-24,Printer A4,Office,4,18698,North,Priya
2024-08-24,Notebook Pack,Office,1,280,West,Sneha
2024-08-27,Laptop Air,Electronics,6,61172,West,Karan
2024-08-27,Bookshelf,Furniture,1,7837,Central,Rohit
2024-08-27,Office Chair,Furniture,2,12633,South,Divya
2024-08-30,Stapler,Office,1,678,Central,Rohit
2024-08-30,Webcam HD,Electronics,4,3034,East,Meena
2024-08-30,Wireless Mouse,Electronics,3,1556,South,Ravi
2024-08-31,Laptop Air,Electronics,1,62561,West,Karan
2024-08-31,Monitor 4K,Electronics,3,25785,South,Divya
2024-08-31,Printer A4,Office,1,17002,South,Ravi
2024-08-31,Bookshelf,Furniture,2,8872,Central,Rohit
2024-09-03,Standing Desk,Furniture,1,32608,West,Karan
2024-09-03,Bookshelf,Furniture,3,9121,Central,Rohit
2024-09-03,Pen Set,Office,1,345,North,Priya
2024-09-03,Notebook Pack,Office,2,273,West,Sneha
2024-09-03,Webcam HD,Electronics,3,3128,East,Meena
2024-09-04,Pen Set,Office,4,328,West,Sneha
2024-09-04,Filing Cabinet,Furniture,6,6601,West,Sneha
2024-09-04,Calculator,Office,2,1288,Central,Rohit
2024-09-04,Bookshelf,Furniture,5,8344,West,Sneha
2024-09-04,Notebook Pack,Office,1,298,East,Arjun
2024-09-06,Pen Set,Office,1,324,West,Karan
2024-09-06,Webcam HD,Electronics,4,3429,East,Arjun
2024-09-06,Headphones Pro,Electronics,3,8672,Central,Rohit
2024-09-06,Webcam HD,Electronics,2,3371,South,Divya
2024-09-06,Webcam HD,Electronics,1,3275,Central,Anjali
2024-09-07,Laptop Pro X,Electronics,6,78715,West,Karan
2024-09-07,Wireless Mouse,Electronics,3,1570,North,Priya
2024-09-10,Stapler,Office,3,640,South,Divya
2024-09-12,Whiteboard,Office,1,4420,East,Arjun
2024-09-12,Mechanical Keyboard,Electronics,3,4601,Central,Rohit
2024-09-12,Calculator,Office,3,1238,North,Priya
2024-09-12,Wireless Mouse,Electronics,2,1449,East,Arjun
2024-09-15,Calculator,Office,1,1250,North,Amit
2024-09-15,Printer A4,Office,1,18927,West,Karan
2024-09-15,Laptop Pro X,Electronics,4,85455,West,Sneha
2024-09-16,Notebook Pack,Office,4,270,East,Arjun
2024-09-16,Filing Cabinet,Furniture,2,5826,North,Priya
2024-09-16,Laptop Pro X,Electronics,2,85505,Central,Anjali
2024-09-16,Wireless Mouse,Electronics,4,1559,East,Arjun
2024-09-19,Webcam HD,Electronics,1,3026,West,Sneha
2024-09-19,USB Hub,Electronics,3,903,Central,Anjali
2024-09-19,Headphones Pro,Electronics,1,8977,Central,Rohit
2024-09-22,Notebook Pack,Office,1,287,North,Amit
2024-09-22,Office Chair,Furniture,2,12433,North,Priya
2024-09-22,Paper Ream,Office,1,423,East,Meena
2024-09-22,USB Hub,Electronics,4,968,North,Amit
2024-09-23,Paper Ream,Office,4,458,West,Karan
2024-09-23,Standing Desk,Furniture,1,35367,Central,Rohit
2024-09-23,Filing Cabinet,Furniture,4,5871,East,Meena
2024-09-25,USB Hub,Electronics,1,1001,West,Karan
2024-09-25,Monitor 4K,Electronics,7,27833,East,Meena
2024-09-27,Paper Ream,Office,4,426,Central,Rohit
2024-09-27,Calculator,Office,1,1268,North,Amit
2024-09-27,Monitor 4K,Electronics,6,26939,Central,Rohit
2024-09-30,Wireless Mouse,Electronics,1,1575,North,Priya
2024-10-03,Stapler,Office,5,655,South,Ravi
2024-10-03,Notebook Pack,Office,2,286,Central,Anjali
2024-10-03,Monitor 4K,Electronics,1,26760,East,Meena
2024-10-03,Stapler,Office,3,646,East,Arjun
2024-10-06,Desk Lamp,Furniture,4,2154,East,Arjun
2024-10-09,Pen Set,Office,7,330,South,Divya
2024-10-09,Stapler,Office,1,674,Central,Rohit
2024-10-11,Laptop Air,Electronics,5,59338,South,Divya
2024-10-11,Office Chair,Furniture,7,11122,East,Arjun
2024-10-11,Webcam HD,Electronics,1,3142,Central,Anjali
2024-10-13,Laptop Air,Electronics,5,64021,East,Arjun
2024-10-16,Office Chair,Furniture,5,11763,Central,Rohit
2024-10-16,Desk Lamp,Furniture,2,2105,East,Arjun
2024-10-16,Desk Lamp,Furniture,4,2050,South,Divya
2024-10-18,Paper Ream,Office,8,450,Central,Rohit
2024-10-18,Monitor 4K,Electronics,1,26790,West,Sneha
2024-10-18,Pen Set,Office,3,330,East,Arjun
2024-10-18,Headphones Pro,Electronics,5,8719,East,Arjun
2024-10-20,Mechanical Keyboard,Electronics,1,4484,West,Karan
2024-10-20,Stapler,Office,1,600,South,Divya
2024-10-20,Laptop Air,Electronics,3,58376,South,Ravi
2024-10-23,Stapler,Office,2,615,South,Ravi
2024-10-24,Desk Lamp,Furniture,8,2227,Central,Rohit
2024-10-24,Standing Desk,Furniture,1,34715,North,Priya
2024-10-24,Paper Ream,Office,3,429,West,Sneha
2024-10-24,Whiteboard,Office,3,4712,Central,Rohit
2024-10-24,Headphones Pro,Electronics,6,8048,Central,Anjali
2024-10-27,Printer A4,Office,2,17221,Central,Rohit
2024-10-27,Desk Lamp,Furniture,4,1937,South,Ravi
2024-10-27,Pen Set,Office,5,368,Central,Anjali
2024-10-30,Headphones Pro,Electronics,3,9013,West,Sneha
2024-11-02,Mechanical Keyboard,Electronics,5,4614,North,Amit
2024-11-02,Calculator,Office,2,1276,Central,Rohit
2024-11-02,Whiteboard,Office,5,4406,Central,Anjali
2024-11-02,Laptop Air,Electronics,1,59316,Central,Anjali
2024-11-02,Paper Ream,Office,3,456,West,Karan
2024-11-05,Mechanical Keyboard,Electronics,8,4323,West,Sneha
2024-11-05,USB Hub,Electronics,3,964,North,Amit
2024-11-05,Notebook Pack,Office,5,266,West,Karan
2024-11-05,Laptop Pro X,Electronics,3,85268,Central,Rohit
2024-11-05,Desk Lamp,Furniture,1,2069,South,Divya
2024-11-06,Whiteboard,Office,3,4328,Central,Anjali
2024-11-06,Notebook Pack,Office,5,285,West,Karan
2024-11-09,Webcam HD,Electronics,11,3035,West,Karan
2024-11-09,Notebook Pack,Office,5,268,Central,Anjali
2024-11-09,Standing Desk,Furniture,8,36535,Central,Anjali
2024-11-09,Desk Lamp,Furniture,5,2183,South,Ravi
2024-11-11,Mechanical Keyboard,Electronics,1,4705,South,Divya
2024-11-11,Notebook Pack,Office,1,264,Central,Rohit
2024-11-14,Wireless Mouse,Electronics,11,1602,South,Divya
2024-11-16,Wireless Mouse,Electronics,6,1469,East,Arjun
2024-11-19,Desk Lamp,Furniture,4,2171,West,Karan
2024-11-22,Headphones Pro,Electronics,5,7834,West,Karan
2024-11-25,Standing Desk,Furniture,4,36590,South,Ravi
2024-11-25,Pen Set,Office,3,356,Central,Rohit
2024-11-25,Laptop Air,Electronics,1,63537,East,Arjun
2024-11-25,Headphones Pro,Electronics,1,8880,North,Amit
2024-11-25,Filing Cabinet,Furniture,4,6285,West,Karan
2024-11-28,Wireless Mouse,Electronics,1,1554,North,Amit
2024-12-01,Filing Cabinet,Furniture,4,5928,East,Meena
2024-12-01,Webcam HD,Electronics,5,3238,West,Karan
2024-12-01,Office Chair,Furniture,1,12011,South,Divya
2024-12-01,Notebook Pack,Office,2,272,North,Amit
2024-12-01,Mechanical Keyboard,Electronics,1,4770,Central,Anjali
2024-12-04,Printer A4,Office,2,18777,West,Karan
2024-12-04,Bookshelf,Furniture,5,9039,West,Karan
2024-12-04,Laptop Pro X,Electronics,6,81706,West,Sneha
2024-12-06,USB Hub,Electronics,1,1019,East,Meena
2024-12-06,Pen Set,Office,3,361,Central,Rohit
2024-12-08,Standing Desk,Furniture,4,35972,North,Amit
2024-12-08,Bookshelf,Furniture,2,8468,North,Priya
2024-12-10,Stapler,Office,2,696,East,Arjun
2024-12-10,Webcam HD,Electronics,5,3064,West,Sneha
2024-12-11,Webcam HD,Electronics,3,3371,South,Ravi
2024-12-11,Calculator,Office,3,1253,East,Arjun
2024-12-11,Mechanical Keyboard,Electronics,3,4581,North,Amit
2024-12-14,Paper Ream,Office,1,449,East,Meena
2024-12-17,Paper Ream,Office,1,442,South,Divya
2024-12-17,Stapler,Office,3,652,South,Ravi
2024-12-17,Whiteboard,Office,5,4501,West,Sneha
2024-12-19,Printer A4,Office,5,17469,North,Amit
2024-12-19,Laptop Pro X,Electronics,5,83360,North,Priya
2024-12-20,Filing Cabinet,Furniture,4,5889,Central,Anjali
2024-12-20,Office Chair,Furniture,8,11944,South,Divya
2024-12-20,Calculator,Office,5,1139,East,Meena
2024-12-22,Whiteboard,Office,5,4755,East,Meena
2024-12-22,Office Chair,Furniture,7,12137,West,Sneha
2024-12-25,Mechanical Keyboard,Electronics,1,4539,East,Arjun
2024-12-25,Desk Lamp,Furniture,5,2200,South,Ravi
2024-12-28,Paper Ream,Office,2,444,North,Priya
2024-12-28,Monitor 4K,Electronics,6,29278,Central,Anjali
2024-12-30,Notebook Pack,Office,6,275,Central,Rohit
2024-12-30,Headphones Pro,Electronics,3,8926,North,Priya
2024-12-30,Paper Ream,Office,5,467,North,Amit
